source_operator,successor_operator,result,active_validation_method,handoff_id,source_prefix_mm,bridge_length_mm,successor_suffix_mm,total_length_mm,reason
T1.acquire_from_black_table,T2.deliver_to_black_table,promoted_semantic_local,execution_tail_s4_semantic_local_interior_dynamic_future_join,h_semantic_f29a43b40830,71.9266151042117,127.8105456788783,126.86983621232827,326.6069969954183,
T1.acquire_from_black_table,T3.deliver_to_floor,promoted_semantic_local,execution_tail_s4_semantic_local_interior_dynamic_future_join,h_semantic_e8ab811d278f,71.9266151042117,237.05580919576605,183.77577497101527,492.75819927099303,
T1.acquire_from_black_table,T4.deliver_to_drawer,promoted_semantic_local,execution_tail_s4_semantic_local_interior_dynamic_future_join,h_semantic_d8fb5b969466,71.9266151042117,265.49625621043305,92.07457871567198,429.4974500303167,
T1.acquire_from_black_table,T5.deliver_to_black_table,promoted_semantic_local,execution_tail_s4_semantic_local_interior_dynamic_future_join,h_semantic_4dc277ce68d4,74.27636768396829,107.8620161287864,37.958975249689786,220.09735906244447,
T1.acquire_from_black_table,T6.stack_on_support_block,promoted_semantic_local,execution_tail_s4_semantic_local_interior_dynamic_future_join,h_semantic_c2beda295e7e,71.9266151042117,305.3989217791773,145.7649927199181,523.090529603307,
T1.acquire_from_black_table,T7.deliver_to_black_table,promoted_semantic_local,execution_tail_s4_semantic_local_interior_dynamic_future_join,h_semantic_88ac32a93b5d,71.9266151042117,157.5144048389105,132.06013693813782,361.50115688126004,
T1.acquire_from_black_table,T8.deliver_unstacked_to_black_table,promoted_semantic_local,execution_tail_s4_semantic_local_interior_dynamic_future_join,h_semantic_bb6afa1727f6,81.31684305420795,143.63502164153033,109.1272770956366,334.07914179137487,
T1.deliver_to_white_container,T4.open_drawer,not_applicable_source_contract,reference_deformation,,,,,,source_bridge_mode_is_not_held_object_free_transport
T1.deliver_to_white_container,T5.open_drawer,not_applicable_source_contract,reference_deformation,,,,,,source_bridge_mode_is_not_held_object_free_transport
T1.open_white_container,T2.acquire_from_floor,not_applicable_source_contract,reference_deformation,,,,,,source_bridge_mode_is_not_held_object_free_transport
T1.open_white_container,T3.acquire_from_black_table,not_applicable_source_contract,reference_deformation,,,,,,source_bridge_mode_is_not_held_object_free_transport
T1.open_white_container,T4.acquire_from_black_table,not_applicable_source_contract,reference_deformation,,,,,,source_bridge_mode_is_not_held_object_free_transport
T1.open_white_container,T4.close_drawer,not_applicable_source_contract,reference_deformation,,,,,,source_bridge_mode_is_not_held_object_free_transport
T1.open_white_container,T4.open_drawer,not_applicable_source_contract,reference_deformation,,,,,,source_bridge_mode_is_not_held_object_free_transport
T1.open_white_container,T5.acquire_from_drawer,not_applicable_source_contract,reference_deformation,,,,,,source_bridge_mode_is_not_held_object_free_transport
T1.open_white_container,T5.close_drawer,not_applicable_source_contract,reference_deformation,,,,,,source_bridge_mode_is_not_held_object_free_transport
T1.open_white_container,T5.open_drawer,not_applicable_source_contract,reference_deformation,,,,,,source_bridge_mode_is_not_held_object_free_transport
T1.open_white_container,T6.acquire_moving_block,not_applicable_source_contract,reference_deformation,,,,,,source_bridge_mode_is_not_held_object_free_transport
T1.open_white_container,T7.acquire_from_drawer_top,not_applicable_source_contract,reference_deformation,,,,,,source_bridge_mode_is_not_held_object_free_transport
T1.open_white_container,T8.acquire_top_block_from_stack,not_applicable_source_contract,reference_deformation,,,,,,source_bridge_mode_is_not_held_object_free_transport
T2.acquire_from_floor,T1.deliver_to_white_container,promoted_semantic_local,execution_tail_s2_semantic_local_interior_dynamic_future_join,h_semantic_740594f58e50,324.63028276111436,262.717954391264,59.447924673287446,646.7961618256659,
T2.acquire_from_floor,T3.deliver_to_floor,preserved_reviewed_semantic_local,execution_tail_s2_semantic_local_interior_dynamic_future_join,h_semantic_daa4a03a384a,,,,818.8438996185341,
T2.acquire_from_floor,T4.deliver_to_drawer,promoted_semantic_local,execution_tail_s2_semantic_local_interior_dynamic_future_join,h_semantic_7f8e37cc4420,336.66952043973123,352.1804350072895,92.07457871567198,780.9245341626927,
T2.acquire_from_floor,T5.deliver_to_black_table,promoted_semantic_local,execution_tail_s2_semantic_local_interior_dynamic_future_join,h_semantic_be0859252dee,339.6793862265223,201.9015172521564,37.958975249689786,579.5398787283684,
T2.acquire_from_floor,T6.stack_on_support_block,promoted_semantic_local,execution_tail_s2_semantic_local_interior_dynamic_future_join,h_semantic_f79fda7aa722,324.63028276111436,288.25445469546077,145.7649927199181,758.6497301764932,
T2.acquire_from_floor,T7.deliver_to_black_table,promoted_semantic_local,execution_tail_s2_semantic_local_interior_dynamic_future_join,h_semantic_58d56c0975a1,342.6892520133134,192.67100153201278,119.18744250795885,654.5476960532851,
T2.acquire_from_floor,T8.deliver_unstacked_to_black_table,promoted_semantic_local,execution_tail_s2_semantic_local_interior_dynamic_future_join,h_semantic_0d631511a451,339.6793862265223,180.51538310404794,109.1272770956366,629.3220464262068,
T2.deliver_to_black_table,T1.acquire_from_black_table,not_applicable_source_contract,reference_deformation,,,,,,source_bridge_mode_is_not_held_object_free_transport
T2.deliver_to_black_table,T1.open_white_container,not_applicable_source_contract,reference_deformation,,,,,,source_bridge_mode_is_not_held_object_free_transport
T2.deliver_to_black_table,T3.acquire_from_black_table,not_applicable_source_contract,reference_deformation,,,,,,source_bridge_mode_is_not_held_object_free_transport
T2.deliver_to_black_table,T4.acquire_from_black_table,not_applicable_source_contract,reference_deformation,,,,,,source_bridge_mode_is_not_held_object_free_transport
T2.deliver_to_black_table,T4.open_drawer,not_applicable_source_contract,reference_deformation,,,,,,source_bridge_mode_is_not_held_object_free_transport
T2.deliver_to_black_table,T5.close_drawer,not_applicable_source_contract,reference_deformation,,,,,,source_bridge_mode_is_not_held_object_free_transport
T2.deliver_to_black_table,T5.open_drawer,not_applicable_source_contract,reference_deformation,,,,,,source_bridge_mode_is_not_held_object_free_transport
T3.acquire_from_black_table,T1.deliver_to_white_container,promoted_semantic_local,execution_tail_s2_semantic_local_interior_dynamic_future_join,h_semantic_4dab38181d28,79.56107524023794,262.5516979415012,59.447924673287446,401.56069785502655,
T3.acquire_from_black_table,T2.deliver_to_black_table,promoted_semantic_local,execution_tail_s2_semantic_local_interior_dynamic_future_join,h_semantic_ddfcb1bef638,79.56107524023794,187.95230632174832,175.01155767459966,442.5249392365859,
T3.acquire_from_black_table,T4.deliver_to_drawer,promoted_semantic_local,execution_tail_s2_semantic_local_interior_dynamic_future_join,h_semantic_f1abe1b15928,79.56107524023794,308.30255599889915,92.07457871567198,479.93820995480905,
T3.acquire_from_black_table,T5.deliver_to_black_table,promoted_semantic_local,execution_tail_s2_semantic_local_interior_dynamic_future_join,h_semantic_104bb35ff269,79.56107524023794,205.03288807850885,178.36187795510386,462.95584127385064,
T3.acquire_from_black_table,T6.stack_on_support_block,promoted_semantic_local,execution_tail_s2_semantic_local_interior_dynamic_future_join,h_semantic_3fc9b24faef5,79.56107524023794,323.2664079904164,145.7649927199181,548.5924759505724,
T3.acquire_from_black_table,T7.deliver_to_black_table,promoted_semantic_local,execution_tail_s2_semantic_local_interior_dynamic_future_join,h_semantic_157fdcaafe65,79.56107524023794,201.45664381465718,157.8007257569571,438.8184448118522,
T3.acquire_from_black_table,T8.deliver_unstacked_to_black_table,promoted_semantic_local,execution_tail_s2_semantic_local_interior_dynamic_future_join,h_semantic_97a2eefbcb7a,79.56107524023794,195.54958425346925,244.04284360684147,519.1535031005487,
T3.deliver_to_floor,T1.open_white_container,not_applicable_source_contract,tangent_regularized_deformation,,,,,,source_bridge_mode_is_not_held_object_free_transport
T3.deliver_to_floor,T4.open_drawer,not_applicable_source_contract,reference_deformation,,,,,,source_bridge_mode_is_not_held_object_free_transport
T3.deliver_to_floor,T5.open_drawer,not_applicable_source_contract,reference_deformation,,,,,,source_bridge_mode_is_not_held_object_free_transport
T4.acquire_from_black_table,T1.deliver_to_white_container,promoted_semantic_local,execution_tail_s4_semantic_local_interior_dynamic_future_join,h_semantic_fd04857f677b,73.88548870329207,232.40046604459147,59.447924673287446,365.73387942117097,
T4.acquire_from_black_table,T2.deliver_to_black_table,promoted_semantic_local,execution_tail_s4_semantic_local_interior_dynamic_future_join,h_semantic_dc882933a2b6,69.52467851712488,161.15785243566103,138.9022582013456,369.5847891541315,
T4.acquire_from_black_table,T3.deliver_to_floor,promoted_semantic_local,execution_tail_s4_semantic_local_interior_dynamic_future_join,h_semantic_bc1cb446ad3c,69.52467851712488,266.70365438390036,183.77577497101527,520.0041078720405,
T4.acquire_from_black_table,T5.deliver_to_black_table,promoted_semantic_local,execution_tail_s4_semantic_local_interior_dynamic_future_join,h_semantic_7b9b07e05518,78.24662783466289,148.97765434958222,37.958975249689786,265.1832574339349,
T4.acquire_from_black_table,T6.stack_on_support_block,promoted_semantic_local,execution_tail_s4_semantic_local_interior_dynamic_future_join,h_semantic_b5e193c63a72,69.52467851712488,309.4702302310768,145.7649927199181,524.7599014681198,
T4.acquire_from_black_table,T7.deliver_to_black_table,promoted_semantic_local,execution_tail_s4_semantic_local_interior_dynamic_future_join,h_semantic_61c77eaafe79,69.52467851712488,195.41411526067913,144.9337458697442,409.8725396475482,
T4.acquire_from_black_table,T8.deliver_unstacked_to_black_table,promoted_semantic_local,execution_tail_s4_semantic_local_interior_dynamic_future_join,h_semantic_21bedc1cfc03,78.24662783466289,183.12088988573288,109.1272770956366,370.49479481603237,
T4.close_drawer,T1.open_white_container,not_applicable_source_contract,reference_deformation,,,,,,source_bridge_mode_is_not_held_object_free_transport
T4.close_drawer,T5.open_drawer,not_applicable_source_contract,reference_deformation,,,,,,source_bridge_mode_is_not_held_object_free_transport
T4.deliver_to_drawer,T1.open_white_container,not_applicable_source_contract,reference_deformation,,,,,,source_bridge_mode_is_not_held_object_free_transport
T4.deliver_to_drawer,T5.acquire_from_drawer,not_applicable_source_contract,reference_deformation,,,,,,source_bridge_mode_is_not_held_object_free_transport
T4.open_drawer,T1.acquire_from_black_table,not_applicable_source_contract,reference_deformation,,,,,,source_bridge_mode_is_not_held_object_free_transport
T4.open_drawer,T1.open_white_container,not_applicable_source_contract,reference_deformation,,,,,,source_bridge_mode_is_not_held_object_free_transport
T4.open_drawer,T2.acquire_from_floor,not_applicable_source_contract,reference_deformation,,,,,,source_bridge_mode_is_not_held_object_free_transport
T4.open_drawer,T3.acquire_from_black_table,not_applicable_source_contract,reference_deformation,,,,,,source_bridge_mode_is_not_held_object_free_transport
T4.open_drawer,T5.acquire_from_drawer,not_applicable_source_contract,reference_deformation,,,,,,source_bridge_mode_is_not_held_object_free_transport
T4.open_drawer,T5.close_drawer,not_applicable_source_contract,reference_deformation,,,,,,source_bridge_mode_is_not_held_object_free_transport
T4.open_drawer,T6.acquire_moving_block,not_applicable_source_contract,reference_deformation,,,,,,source_bridge_mode_is_not_held_object_free_transport
T4.open_drawer,T7.acquire_from_drawer_top,not_applicable_source_contract,reference_deformation,,,,,,source_bridge_mode_is_not_held_object_free_transport
T4.open_drawer,T8.acquire_top_block_from_stack,not_applicable_source_contract,reference_deformation,,,,,,source_bridge_mode_is_not_held_object_free_transport
T5.acquire_from_drawer,T1.deliver_to_white_container,promoted_semantic_local,execution_tail_s4_semantic_local_interior_dynamic_future_join,h_semantic_6904efb0ada1,71.90608215122317,266.7202759541224,59.447924673287446,398.07428277863306,
T5.acquire_from_drawer,T2.deliver_to_black_table,promoted_semantic_local,execution_tail_s4_semantic_local_interior_dynamic_future_join,h_semantic_b076612e5820,71.90608215122317,303.0418997295261,102.81420655380452,477.7621884345538,
T5.acquire_from_drawer,T3.deliver_to_floor,promoted_semantic_local,execution_tail_s4_semantic_local_interior_dynamic_future_join,h_semantic_a96c56901765,71.90608215122317,224.73337925047343,183.77577497101527,480.4152363727119,
T5.acquire_from_drawer,T4.deliver_to_drawer,promoted_semantic_local,execution_tail_s4_semantic_local_interior_dynamic_future_join,h_semantic_94187eb0eb32,71.90608215122317,181.77117271398788,168.315320092133,421.99257495734406,
T5.acquire_from_drawer,T6.stack_on_support_block,promoted_semantic_local,execution_tail_s4_semantic_local_interior_dynamic_future_join,h_semantic_bb5bccde5729,71.90608215122317,443.74670520703165,145.7649927199181,661.4177800781729,
T5.acquire_from_drawer,T7.deliver_to_black_table,promoted_semantic_local,execution_tail_s4_semantic_local_interior_dynamic_future_join,h_semantic_e4c4b0e7f2d3,71.90608215122317,295.27154473393585,119.18744250795885,486.3650693931179,
T5.acquire_from_drawer,T8.deliver_unstacked_to_black_table,promoted_semantic_local,execution_tail_s4_semantic_local_interior_dynamic_future_join,h_semantic_55016e1264c1,71.90608215122317,316.48920875072594,109.1272770956366,497.5225679975857,
T5.close_drawer,T1.acquire_from_black_table,not_applicable_source_contract,reference_deformation,,,,,,source_bridge_mode_is_not_held_object_free_transport
T5.close_drawer,T1.open_white_container,not_applicable_source_contract,reference_deformation,,,,,,source_bridge_mode_is_not_held_object_free_transport
T5.close_drawer,T3.acquire_from_black_table,not_applicable_source_contract,reference_deformation,,,,,,source_bridge_mode_is_not_held_object_free_transport
T5.close_drawer,T4.open_drawer,not_applicable_source_contract,reference_deformation,,,,,,source_bridge_mode_is_not_held_object_free_transport
T5.deliver_to_black_table,T1.acquire_from_black_table,not_applicable_source_contract,reference_deformation,,,,,,source_bridge_mode_is_not_held_object_free_transport
T5.deliver_to_black_table,T1.open_white_container,not_applicable_source_contract,reference_deformation,,,,,,source_bridge_mode_is_not_held_object_free_transport
T5.deliver_to_black_table,T3.acquire_from_black_table,not_applicable_source_contract,reference_deformation,,,,,,source_bridge_mode_is_not_held_object_free_transport
T5.deliver_to_black_table,T4.acquire_from_black_table,not_applicable_source_contract,reference_deformation,,,,,,source_bridge_mode_is_not_held_object_free_transport
T5.open_drawer,T1.acquire_from_black_table,not_applicable_source_contract,reference_deformation,,,,,,source_bridge_mode_is_not_held_object_free_transport
T5.open_drawer,T1.open_white_container,not_applicable_source_contract,reference_deformation,,,,,,source_bridge_mode_is_not_held_object_free_transport
T5.open_drawer,T2.acquire_from_floor,not_applicable_source_contract,reference_deformation,,,,,,source_bridge_mode_is_not_held_object_free_transport
T5.open_drawer,T3.acquire_from_black_table,not_applicable_source_contract,reference_deformation,,,,,,source_bridge_mode_is_not_held_object_free_transport
T5.open_drawer,T4.acquire_from_black_table,not_applicable_source_contract,reference_deformation,,,,,,source_bridge_mode_is_not_held_object_free_transport
T5.open_drawer,T4.close_drawer,not_applicable_source_contract,reference_deformation,,,,,,source_bridge_mode_is_not_held_object_free_transport
T5.open_drawer,T6.acquire_moving_block,not_applicable_source_contract,reference_deformation,,,,,,source_bridge_mode_is_not_held_object_free_transport
T5.open_drawer,T7.acquire_from_drawer_top,not_applicable_source_contract,reference_deformation,,,,,,source_bridge_mode_is_not_held_object_free_transport
T5.open_drawer,T8.acquire_top_block_from_stack,not_applicable_source_contract,reference_deformation,,,,,,source_bridge_mode_is_not_held_object_free_transport
T6.acquire_moving_block,T1.deliver_to_white_container,promoted_semantic_local,execution_tail_s2_semantic_local_interior_dynamic_future_join,h_semantic_d2d8078e7bea,82.88113856041525,242.74230098723598,59.447924673287446,385.0713642209387,
T6.acquire_moving_block,T2.deliver_to_black_table,promoted_semantic_local,execution_tail_s2_semantic_local_interior_dynamic_future_join,h_semantic_59cd98ef138b,82.88113856041525,130.89503509104566,138.9022582013456,352.6784318528065,
T6.acquire_moving_block,T3.deliver_to_floor,promoted_semantic_local,execution_tail_s2_semantic_local_interior_dynamic_future_join,h_semantic_0c4941348e02,82.88113856041525,268.6997502366236,183.77577497101527,535.3566637680541,
T6.acquire_moving_block,T4.deliver_to_drawer,promoted_semantic_local,execution_tail_s2_semantic_local_interior_dynamic_future_join,h_semantic_eece032ecfa0,82.88113856041525,290.30862224297636,92.07457871567198,465.2643395190636,
T6.acquire_moving_block,T5.deliver_to_black_table,promoted_semantic_local,execution_tail_s2_semantic_local_interior_dynamic_future_join,h_semantic_39db9bcb68e4,91.18283454444916,119.79938560584814,37.958975249689786,248.9411953999871,
T6.acquire_moving_block,T7.deliver_to_black_table,promoted_semantic_local,execution_tail_s2_semantic_local_interior_dynamic_future_join,h_semantic_a4d1e900cd06,82.88113856041525,167.52722741643433,119.18744250795885,369.59580848480846,
T6.acquire_moving_block,T8.deliver_unstacked_to_black_table,promoted_semantic_local,execution_tail_s2_semantic_local_interior_dynamic_future_join,h_semantic_cbb96dc889ab,82.88113856041525,148.80449455503182,189.98952968316706,421.6751627986141,
T6.stack_on_support_block,T1.open_white_container,not_applicable_source_contract,reference_deformation,,,,,,source_bridge_mode_is_not_held_object_free_transport
T6.stack_on_support_block,T4.open_drawer,not_applicable_source_contract,reference_deformation,,,,,,source_bridge_mode_is_not_held_object_free_transport
T6.stack_on_support_block,T5.open_drawer,not_applicable_source_contract,tangent_regularized_deformation,,,,,,source_bridge_mode_is_not_held_object_free_transport
T6.stack_on_support_block,T8.acquire_top_block_from_stack,not_applicable_source_contract,reference_deformation,,,,,,source_bridge_mode_is_not_held_object_free_transport
T7.acquire_from_drawer_top,T1.deliver_to_white_container,promoted_semantic_local,execution_tail_s2_semantic_local_interior_dynamic_future_join,h_semantic_094aa590cf84,108.27650875423126,244.4206567226756,59.447924673287446,412.14509015019433,
T7.acquire_from_drawer_top,T2.deliver_to_black_table,promoted_semantic_local,execution_tail_s2_semantic_local_interior_dynamic_future_join,h_semantic_39a14be12b0d,108.27650875423126,376.8588053870051,102.81420655380452,587.9495206950409,
T7.acquire_from_drawer_top,T3.deliver_to_floor,preserved_reviewed_semantic_local,execution_tail_s2_semantic_local_interior_dynamic_future_join,h_semantic_578a65742e42,,,,594.7100635609127,
T7.acquire_from_drawer_top,T4.deliver_to_drawer,promoted_semantic_local,execution_tail_s2_semantic_local_interior_dynamic_future_join,h_semantic_dffe94451101,108.27650875423126,222.54718375671231,92.07457871567198,422.8982712266156,
T7.acquire_from_drawer_top,T5.deliver_to_black_table,promoted_semantic_local,execution_tail_s2_semantic_local_interior_dynamic_future_join,h_semantic_e8e0cdad896e,108.27650875423126,347.6817044448989,37.958975249689786,493.91718844881996,
T7.acquire_from_drawer_top,T6.stack_on_support_block,promoted_semantic_local,execution_tail_s2_semantic_local_interior_dynamic_future_join,h_semantic_88b17a6aa53a,108.27650875423126,468.6713453289233,145.7649927199181,722.7128468030726,
T7.acquire_from_drawer_top,T8.deliver_unstacked_to_black_table,promoted_semantic_local,execution_tail_s2_semantic_local_interior_dynamic_future_join,h_semantic_073ff5c9b997,108.27650875423126,394.67570455619796,109.1272770956366,612.0794904060658,
T7.deliver_to_black_table,T1.acquire_from_black_table,not_applicable_source_contract,reference_deformation,,,,,,source_bridge_mode_is_not_held_object_free_transport
T7.deliver_to_black_table,T1.open_white_container,not_applicable_source_contract,reference_deformation,,,,,,source_bridge_mode_is_not_held_object_free_transport
T7.deliver_to_black_table,T3.acquire_from_black_table,not_applicable_source_contract,reference_deformation,,,,,,source_bridge_mode_is_not_held_object_free_transport
T7.deliver_to_black_table,T4.acquire_from_black_table,not_applicable_source_contract,tangent_regularized_deformation,,,,,,source_bridge_mode_is_not_held_object_free_transport
T7.deliver_to_black_table,T4.open_drawer,not_applicable_source_contract,reference_deformation,,,,,,source_bridge_mode_is_not_held_object_free_transport
T7.deliver_to_black_table,T5.close_drawer,not_applicable_source_contract,reference_deformation,,,,,,source_bridge_mode_is_not_held_object_free_transport
T7.deliver_to_black_table,T5.open_drawer,not_applicable_source_contract,reference_deformation,,,,,,source_bridge_mode_is_not_held_object_free_transport
T8.acquire_top_block_from_stack,T1.deliver_to_white_container,promoted_semantic_local,execution_tail_s2_semantic_local_interior_dynamic_future_join,h_semantic_a307d11b34ac,103.25526032414415,312.99506162804227,59.447924673287446,475.69824662547387,
T8.acquire_top_block_from_stack,T2.deliver_to_black_table,promoted_semantic_local,execution_tail_s2_semantic_local_interior_dynamic_future_join,h_semantic_dc5c7cf8a06f,103.25526032414415,360.7292967795695,102.81420655380452,566.7987636575182,
T8.acquire_top_block_from_stack,T3.deliver_to_floor,promoted_semantic_local,execution_tail_s2_semantic_local_interior_dynamic_future_join,h_semantic_ca272d614254,106.48524631411577,341.54687017221954,376.75937406273226,824.7914905490676,
T8.acquire_top_block_from_stack,T4.deliver_to_drawer,promoted_semantic_local,execution_tail_s2_semantic_local_interior_dynamic_future_join,h_semantic_23b025dde8ab,103.25526032414415,488.98487922033064,92.07457871567198,684.3147182601467,
T8.acquire_top_block_from_stack,T5.deliver_to_black_table,promoted_semantic_local,execution_tail_s2_semantic_local_interior_dynamic_future_join,h_semantic_7d4e1d138567,103.25526032414415,337.0902063142436,37.958975249689786,478.3044418880775,
T8.acquire_top_block_from_stack,T6.stack_on_support_block,promoted_semantic_local,execution_tail_s2_semantic_local_interior_dynamic_future_join,h_semantic_f6557d96b634,103.25526032414415,212.91676342387308,190.2119646327542,506.3839883807714,
T8.acquire_top_block_from_stack,T7.deliver_to_black_table,promoted_semantic_local,execution_tail_s2_semantic_local_interior_dynamic_future_join,h_semantic_8b66abeeaf7c,103.25526032414415,406.80865734809294,119.18744250795885,629.2513601801959,
T8.deliver_unstacked_to_black_table,T1.acquire_from_black_table,not_applicable_source_contract,reference_deformation,,,,,,source_bridge_mode_is_not_held_object_free_transport
T8.deliver_unstacked_to_black_table,T1.open_white_container,not_applicable_source_contract,reference_deformation,,,,,,source_bridge_mode_is_not_held_object_free_transport
T8.deliver_unstacked_to_black_table,T3.acquire_from_black_table,not_applicable_source_contract,reference_deformation,,,,,,source_bridge_mode_is_not_held_object_free_transport
T8.deliver_unstacked_to_black_table,T4.acquire_from_black_table,not_applicable_source_contract,reference_deformation,,,,,,source_bridge_mode_is_not_held_object_free_transport
T8.deliver_unstacked_to_black_table,T4.open_drawer,not_applicable_source_contract,reference_deformation,,,,,,source_bridge_mode_is_not_held_object_free_transport
T8.deliver_unstacked_to_black_table,T5.close_drawer,not_applicable_source_contract,reference_deformation,,,,,,source_bridge_mode_is_not_held_object_free_transport
T8.deliver_unstacked_to_black_table,T5.open_drawer,not_applicable_source_contract,reference_deformation,,,,,,source_bridge_mode_is_not_held_object_free_transport
