segment_id,semantic_label,semantic_phase,median_x_mm,median_y_mm,median_z_mm,mean_x_mm,mean_y_mm,mean_z_mm,residual_p50_mm,residual_p90_mm,residual_p95_mm
S1,approach_blue_block_on_top_of_drawer,0.0,428.6022186279297,0.413133442401886,456.91468811035156,427.7200693766276,-0.17985842774311703,457.7997324625651,3.170037558511252,11.784609321132784,12.907081824827168
S1,approach_blue_block_on_top_of_drawer,0.01,426.0693097116807,-1.3389590207325015,459.4046167672303,426.6031786492075,-0.5611282920753088,458.97671670217375,5.384451356211542,13.641083318707143,14.418246473089427
S1,approach_blue_block_on_top_of_drawer,0.02,424.8832792122583,-1.8300747868204386,461.4021089424201,425.7547937801995,-0.896472535467241,460.1580043008258,8.704585173329615,15.84413425321915,16.81927505634146
S1,approach_blue_block_on_top_of_drawer,0.03,424.0457874769746,-1.7932957535184932,462.0462035398263,425.15545522988117,-1.2909304399646317,461.3148954593389,10.48356616422927,19.212843757325135,19.623721123194418
S1,approach_blue_block_on_top_of_drawer,0.04,425.18070270483906,-2.4035672451683965,462.29583428280347,425.093360645635,-1.8173121082989956,462.6678589269516,13.907516413548295,20.961914868583058,23.40570254145293
S1,approach_blue_block_on_top_of_drawer,0.05,426.70537387517624,-3.1382566127465763,463.20490549011777,425.4509050715606,-2.7399602945134984,463.99596224866946,16.241246449365445,23.150995840377526,27.664392806835163
S1,approach_blue_block_on_top_of_drawer,0.06,427.2145207384608,-5.370193410725439,465.1387230609179,426.0439225448917,-4.460947163212069,465.5737233454712,16.545586143154452,28.379235593693444,30.922415276257027
S1,approach_blue_block_on_top_of_drawer,0.07,429.00049473078894,-6.918740199390593,466.44924823535695,426.86120020997674,-6.740457712838586,466.8174640826638,17.91162207355117,32.133430176415885,33.21903303162418
S1,approach_blue_block_on_top_of_drawer,0.08,430.20844048710194,-9.406998527143767,468.2235302748454,427.6657680156946,-9.418148121066777,468.027870397983,19.60770669577633,32.883745270870236,33.782551924921286
S1,approach_blue_block_on_top_of_drawer,0.09,432.17708045698544,-12.58537711268766,469.27050845092435,428.8948519185075,-11.961390646178891,469.40176294962197,21.616067840433466,32.91581347654312,33.91547681649615
S1,approach_blue_block_on_top_of_drawer,0.1,433.4814613092377,-16.052697760536496,470.78271736310745,430.16027041349236,-14.585836600783365,470.59796958268964,21.839539122584466,34.0388934919567,34.52031908010971
S1,approach_blue_block_on_top_of_drawer,0.11,434.7634556407372,-19.533998861144514,471.4415545414509,431.42773233488185,-17.572519877961888,471.6560655457337,22.10434547052936,33.80268796448582,36.97150498431058
S1,approach_blue_block_on_top_of_drawer,0.12,436.69974421742165,-22.993417636955854,471.71675867784506,432.7004482678631,-20.897535537100783,472.53840657624727,22.644563926509633,34.993857948644276,37.892614878137245
S1,approach_blue_block_on_top_of_drawer,0.13,439.0213304799141,-25.8961847696932,473.688657797495,434.0846548976311,-24.17603172699553,473.3970446196339,22.56437312594803,35.223287626806304,38.73945108878485
S1,approach_blue_block_on_top_of_drawer,0.14,441.35752525968076,-27.81986895786371,474.0347944251496,435.4255699485771,-27.271820068517787,474.2295811979903,22.761763814862036,36.488544018456935,41.03748249596435
S1,approach_blue_block_on_top_of_drawer,0.15,443.8803272262918,-30.8967968692225,472.64406245204646,437.01883788690736,-30.273608070874793,475.0476744486907,22.595857213963814,36.16607882263606,44.179061528333406
S1,approach_blue_block_on_top_of_drawer,0.16,445.45136022550173,-33.86092426418964,473.8183059905914,438.8291234414902,-33.383398910355176,475.87805430888915,22.560041074240623,35.44205313677703,44.2325508956205
S1,approach_blue_block_on_top_of_drawer,0.17,446.74400270349446,-36.40599540227149,475.38340253678064,440.8070407845356,-36.564732148948664,476.7230208697238,24.32261679901194,35.95223810543542,43.19705517626674
S1,approach_blue_block_on_top_of_drawer,0.18,448.13691627803206,-38.91533087380276,476.21469593812196,442.8967049274953,-39.715069619012404,477.5711494266082,24.5517795377721,36.54604172243034,42.56219529441006
S1,approach_blue_block_on_top_of_drawer,0.19,449.44114173827677,-41.408690658107005,476.89127559618714,445.03280982966464,-42.85513426743816,478.3936620877555,24.335221260565568,36.92716712923105,42.02739674660236
S1,approach_blue_block_on_top_of_drawer,0.2,450.76421434522376,-43.917941128202884,477.67749632027505,447.1779050264275,-45.97828547463492,479.20665435223447,24.437460302628505,37.159471141039155,41.25587034456421
S1,approach_blue_block_on_top_of_drawer,0.21,452.01578836455263,-46.465070380032344,478.90634894865127,449.34765306747374,-49.092733064712625,479.99627101661804,25.88258335499151,36.313355433364535,40.79685834436849
S1,approach_blue_block_on_top_of_drawer,0.22,453.6278030398727,-49.04058242291494,480.0677342279695,451.53832159955545,-52.189944965337915,480.816216418188,27.17771511041792,37.01101643222361,40.78929221812654
S1,approach_blue_block_on_top_of_drawer,0.23,455.5909215000084,-51.941985717956996,481.20330418144454,453.736208336704,-55.28475176831511,481.67451053054725,28.008618770588026,37.43270907282262,41.54888554170931
S1,approach_blue_block_on_top_of_drawer,0.24,457.57231664669246,-54.897755183936205,482.1597426431686,455.91452428707646,-58.38967219186951,482.54827383746095,28.456180969022498,37.94091548037013,42.80296877481772
S1,approach_blue_block_on_top_of_drawer,0.25,459.6214235139622,-57.7413317694606,482.53368461891677,458.1157163416574,-61.50019962476343,483.3930555427868,28.487722868980867,38.98528914137085,44.334053809073104
S1,approach_blue_block_on_top_of_drawer,0.26,461.70454838904715,-60.45357124935532,482.6946852294251,460.3796077917596,-64.61345055107948,484.14627976655976,28.494383042839214,40.13910962539258,45.93996927738832
S1,approach_blue_block_on_top_of_drawer,0.27,463.8838679979826,-63.24762820129739,482.72130976046355,462.6488111924364,-67.74449883804013,484.82432115788436,28.446226554548034,41.13548701751184,47.78323455482898
S1,approach_blue_block_on_top_of_drawer,0.28,466.13676010182974,-66.35429930629769,483.08371031176085,464.9095693372735,-70.88708309128887,485.36703981850974,28.13011556532924,41.83572348798506,48.70049795450212
S1,approach_blue_block_on_top_of_drawer,0.29,468.5208044691429,-69.26255517432506,483.2318851897154,467.08776269004284,-73.95091590258527,485.6798064214703,27.96122567660649,42.47345658596507,49.0256664918681
S1,approach_blue_block_on_top_of_drawer,0.3,470.9842655761229,-72.19050165684015,483.4076446324841,469.36777104825524,-76.96379174101978,485.96264022931973,27.800084786799296,43.0596372547974,49.6645317702676
S1,approach_blue_block_on_top_of_drawer,0.31,473.77395354606574,-75.17653644746993,483.26782178721385,471.6455788606317,-80.14482146444576,486.12329320419025,27.9362925299174,43.61695105775252,50.8348193569049
S1,approach_blue_block_on_top_of_drawer,0.32,476.25175340284613,-78.48358743735449,483.02216311409256,473.9300509621368,-83.27901238150116,486.0790843973624,27.755743205586477,44.89347106140491,51.84193005074874
S1,approach_blue_block_on_top_of_drawer,0.33,478.78261569912127,-82.15598310493073,482.77790389643485,476.1487075995172,-86.2709694255248,485.98821789858135,27.632555649478554,45.835837467038296,52.85169759361187
S1,approach_blue_block_on_top_of_drawer,0.34,481.36818637863223,-85.8256526574412,482.7949564175586,478.4128805542734,-89.2105657574984,485.92385384261854,27.37861433511693,46.55734466704254,53.85227610367718
S1,approach_blue_block_on_top_of_drawer,0.35000000000000003,484.0045494798012,-88.51283438905756,482.98442160040315,480.7165090967299,-92.13000538984039,485.6443288342925,27.863988768706875,47.13802918568079,54.32709486223416
S1,approach_blue_block_on_top_of_drawer,0.36,486.66535878324714,-92.13959637688096,482.5136049010106,483.06293357852206,-95.06250917785027,485.20647317932793,28.440924107411327,47.83447305499643,55.01669963250955
S1,approach_blue_block_on_top_of_drawer,0.37,489.1487486526534,-95.2914664028703,482.1831513536923,485.4511001120436,-97.82435729279656,484.77228310895646,29.05993564503466,48.43108935078001,55.49049859658901
S1,approach_blue_block_on_top_of_drawer,0.38,491.4355008053243,-98.3541302083269,482.1011550093821,487.9603127310746,-100.4405101846452,484.3647400859056,30.00283795535311,48.89330897028157,53.903963149653634
S1,approach_blue_block_on_top_of_drawer,0.39,493.7560172702772,-101.45438512697876,481.54026788780556,490.5116989080025,-102.98123257324535,483.79903109621483,30.347662923301364,49.453542507396925,53.085845086062804
S1,approach_blue_block_on_top_of_drawer,0.4,496.17882417853946,-104.57233614125595,480.878756624929,493.10144016504853,-105.52833799631213,483.1631753208125,30.538377422280707,50.04679487855697,53.3621683271167
S1,approach_blue_block_on_top_of_drawer,0.41000000000000003,498.71603238397716,-107.05398987924335,480.79146024836245,495.6691247215165,-107.91155230623218,482.44490571182416,30.5337847588139,50.97556438849835,53.05215906333386
S1,approach_blue_block_on_top_of_drawer,0.42,501.1367195781703,-109.36573590526001,479.8367936088006,498.19729771484145,-110.1199863032914,481.6895311868038,30.25447855981043,51.922322532050224,53.67709353289573
S1,approach_blue_block_on_top_of_drawer,0.43,503.39953722746395,-111.73890551432125,479.59922058928316,500.87167302989565,-112.4829331406142,480.9812716167627,29.997932507006972,52.261006748139856,53.801210044515194
S1,approach_blue_block_on_top_of_drawer,0.44,504.27115967685694,-112.87695456410808,479.3847702962754,503.52868410285186,-114.70036541793064,480.31194782970664,31.058322047601287,51.71913620256052,53.75797639577178
S1,approach_blue_block_on_top_of_drawer,0.45,505.56076223973446,-115.24918842137839,478.32860459746905,506.064024506164,-116.84950548344096,479.5466285592228,31.593387986335884,51.28521456113154,54.64001109043147
S1,approach_blue_block_on_top_of_drawer,0.46,508.709073103807,-117.58678100118931,477.06687266978906,508.6248327746632,-119.01922252254901,478.62377665689405,31.114004508376546,50.84861014989669,54.80703174239386
S1,approach_blue_block_on_top_of_drawer,0.47000000000000003,511.7765790121414,-119.85327901976872,474.5020625380036,511.33965125753576,-121.17180841055196,477.7215531130001,30.278332084418288,51.714240392022255,55.29909484704484
S1,approach_blue_block_on_top_of_drawer,0.48,514.4817546607296,-122.05310914249446,473.4166105337381,514.1442619394601,-123.27486503976249,476.7721384304424,29.93804457710757,51.32300468801249,55.38651651284062
S1,approach_blue_block_on_top_of_drawer,0.49,517.3255141963633,-123.69896428496604,472.64729449343395,516.9980444517582,-125.31764712953333,475.72238693799255,29.851797614531787,50.563724968232236,55.288412964746854
S1,approach_blue_block_on_top_of_drawer,0.5,520.2582148656692,-126.25852599729063,471.9532819660797,519.9454424797224,-127.3118843732778,474.5498763085595,29.372575978710046,49.46940629864177,55.212295466782614
S1,approach_blue_block_on_top_of_drawer,0.51,523.584805960749,-128.7829899748901,470.95964488951955,522.7664472469553,-129.27474749191302,473.1920631954169,29.32764491618588,48.45272324649538,55.09645327715633
S1,approach_blue_block_on_top_of_drawer,0.52,526.8106892989082,-131.22030529337792,469.7726696821834,525.4753712885665,-131.22271988678088,471.76645239326166,29.214049925442318,47.44299019899773,54.88149396727737
S1,approach_blue_block_on_top_of_drawer,0.53,529.7839469388668,-132.0056034663732,468.5807088179071,528.1332475481196,-133.30007995500463,470.2956977103447,29.73094811811628,47.054933045697595,54.8335223204192
S1,approach_blue_block_on_top_of_drawer,0.54,532.5290702251914,-132.65546094401446,467.5015134950797,530.7711662176957,-135.4479605259435,468.70477836280503,30.732998928543033,47.18581604852514,54.60786586536307
S1,approach_blue_block_on_top_of_drawer,0.55,535.0854313411128,-133.85644243296525,465.80265359162047,533.3259934086193,-137.631247526232,467.0089351267715,31.350465477840466,46.842999114165664,54.22168281732282
S1,approach_blue_block_on_top_of_drawer,0.56,537.4859082350681,-136.9356376758888,464.2247383511391,535.8038113363627,-139.85676567033767,465.24472008405075,30.246375247163556,48.882754210541385,53.20272332442349
S1,approach_blue_block_on_top_of_drawer,0.5700000000000001,539.7433659995258,-140.59350040009633,462.5384733901495,538.2385092907109,-142.0557390222793,463.32445104032035,29.067529378295216,50.5797632781809,51.83104665274556
S1,approach_blue_block_on_top_of_drawer,0.58,541.9660005932517,-144.07812975038132,460.3315761250883,540.6646727912367,-144.22348843356576,461.31517047832006,27.89601830304165,50.25973846937524,51.07824844684119
S1,approach_blue_block_on_top_of_drawer,0.59,544.19576935028,-146.56446021274297,458.51001015993734,543.0848720433179,-146.3864010634093,459.326282206858,28.157554189072457,49.432907848149576,50.21581530262189
S1,approach_blue_block_on_top_of_drawer,0.6,546.5114227877672,-148.81642138757462,456.61561880541456,545.5494958405992,-148.43176445470345,457.21090127766854,28.086430448521735,48.425775787283236,49.4407676854093
S1,approach_blue_block_on_top_of_drawer,0.61,549.4500939536138,-150.65300174882105,454.18133123217115,548.0396117160916,-150.2222284054729,454.9015304948004,26.903926278130154,47.530817531271026,48.884326708305665
S1,approach_blue_block_on_top_of_drawer,0.62,552.1978358515388,-151.38590126636274,451.0794498967196,550.4771074379337,-151.84842185844033,452.45334987888543,26.984773133188835,47.20785951568453,48.29739217784347
S1,approach_blue_block_on_top_of_drawer,0.63,554.7646020570247,-152.23564386456104,448.2832052576458,552.8632230893243,-153.36482631638304,449.93019261006225,26.47413389360791,46.696460391105184,48.1259506083997
S1,approach_blue_block_on_top_of_drawer,0.64,557.1311631051021,-153.3471643721923,446.5526665250603,555.1816781335866,-154.7257847793862,447.32367565924045,27.048679662945915,45.55517223936632,48.52045423073659
S1,approach_blue_block_on_top_of_drawer,0.65,559.4596389631542,-153.70088611380163,444.21002994024406,557.481622428086,-155.99547008642546,444.66625303458443,27.10357177380618,45.32472216843899,48.7661945912448
S1,approach_blue_block_on_top_of_drawer,0.66,561.749417364754,-154.36909763580718,441.74801634284836,559.8293597084644,-157.2363682744316,441.98515819299087,26.467984237405908,45.37945966597416,48.97831606013039
S1,approach_blue_block_on_top_of_drawer,0.67,564.1630722142303,-155.87989563482566,439.4306831879943,562.1212544564177,-158.5127453815609,439.2357028518164,26.37613481455368,45.2362880342988,48.56934319458405
S1,approach_blue_block_on_top_of_drawer,0.68,566.4829617178634,-157.16975868644815,436.22902151742426,564.3165308099209,-159.81758046217888,436.4108232522103,26.607575037981615,45.722748272423196,47.53173922035758
S1,approach_blue_block_on_top_of_drawer,0.6900000000000001,568.7190460986731,-158.31321285635923,432.79201601387274,566.5018377755962,-161.09323677419772,433.6138465090845,27.343474532968255,46.10421703475001,46.74630948544556
S1,approach_blue_block_on_top_of_drawer,0.7000000000000001,570.8665156748607,-159.59771131024115,429.2869872173799,568.6330401451526,-162.31329259334058,430.8393886166083,27.53818969668798,45.11213383470613,47.14225164566708
S1,approach_blue_block_on_top_of_drawer,0.71,572.7865694569648,-159.96096848039954,425.2150435998913,570.6498236586004,-163.4901356634613,427.9946463856489,27.935458355680716,43.9592319954908,46.40236309376507
S1,approach_blue_block_on_top_of_drawer,0.72,574.4211444828879,-161.1463905607584,423.62779479192983,572.5543581929462,-164.71232175806466,425.1185573398173,28.206956503014524,43.86233790258096,45.5124934565067
S1,approach_blue_block_on_top_of_drawer,0.73,575.5578302365657,-162.53753385141795,421.52082684958134,574.3726430556829,-165.83236082479633,422.1670244915732,27.79855346130381,43.28261602152814,44.41990445913037
S1,approach_blue_block_on_top_of_drawer,0.74,577.1904770492224,-163.37382747326757,418.7821573967384,576.2129361153983,-166.7622548524272,419.04483756777,27.51832084293582,43.1761600186117,43.671532756257854
S1,approach_blue_block_on_top_of_drawer,0.75,579.1605262813173,-164.2644752180517,416.0391034654802,578.0519629174491,-167.4642857174264,415.8806653414752,26.36762843492095,41.2822704814714,44.31857957932034
S1,approach_blue_block_on_top_of_drawer,0.76,581.1136074399141,-165.04305016789166,413.4940104788529,579.8636395661747,-168.1295765263827,412.6606773606614,25.639561374288093,40.69251222207738,45.26495408416021
S1,approach_blue_block_on_top_of_drawer,0.77,582.9209885376644,-165.34506860691118,410.13050092622575,581.6276799416529,-168.8123480877227,409.4265561836354,26.122380569544326,41.6478950017943,45.718840861032646
S1,approach_blue_block_on_top_of_drawer,0.78,584.1762374494189,-166.0639380456517,406.67025552391385,583.369806447413,-169.36046762333626,406.176026457373,26.83628820882265,42.14180288959468,45.4983361319726
S1,approach_blue_block_on_top_of_drawer,0.79,585.2763888129846,-166.24461356277922,403.2525560028438,585.1302324273439,-169.87002300531603,402.98448297643665,27.218400318116245,42.46754133979946,44.93866960530194
S1,approach_blue_block_on_top_of_drawer,0.8,587.2295033393757,-166.47621515390546,399.96853670906387,586.9902027253407,-170.45619695523408,399.8862279739353,26.739284335026063,42.21957660364474,44.772797123130836
S1,approach_blue_block_on_top_of_drawer,0.81,589.3172238363807,-167.00402459397492,397.4469914592647,588.9431423588262,-171.08383322215784,396.8910227752668,27.688817915573274,42.53401661921788,44.756329213933675
S1,approach_blue_block_on_top_of_drawer,0.8200000000000001,591.6242460123432,-168.6377172602021,394.73502135961905,590.916647206844,-171.7446702655915,393.92855843267165,26.596897172942803,42.50868210408168,43.86239664703794
S1,approach_blue_block_on_top_of_drawer,0.8300000000000001,591.5965398508795,-170.14545597460324,391.8294356442892,592.577576208627,-172.43502029838368,391.13009911085624,25.76583574857173,38.356899524477946,40.955830406813796
S1,approach_blue_block_on_top_of_drawer,0.84,592.3780332913709,-172.6609993540731,389.07991285920144,594.171103289195,-173.33674851992185,388.3299702858341,25.292458596772356,34.285052786386714,40.06378093199419
S1,approach_blue_block_on_top_of_drawer,0.85,593.3804097965959,-174.5847641482276,386.3863398597188,595.5867176186881,-174.1427316633197,385.47854937874365,24.156972871179416,32.89249638577793,39.42861654049338
S1,approach_blue_block_on_top_of_drawer,0.86,594.858743944278,-174.26737973112415,383.53270919023055,597.0555149404487,-174.70176420418719,382.6384186192104,23.184682750993133,33.276844911252,38.38540876901987
S1,approach_blue_block_on_top_of_drawer,0.87,596.6153324469784,-173.89154521850745,380.29389628174056,598.365508730816,-174.89426339310677,379.5943344557889,23.12045412834903,31.604059073490742,37.21605302090433
S1,approach_blue_block_on_top_of_drawer,0.88,598.4999439297856,-174.2102437363151,377.1647171583478,599.801985245656,-175.25846792229174,376.7737888542878,23.814408080229917,31.37826031603395,35.50885650805795
S1,approach_blue_block_on_top_of_drawer,0.89,600.3777081484823,-174.6385733011145,375.042995618576,601.2674032149928,-175.90998155165727,373.98548295391276,24.75123952704439,31.34610483501683,34.807225952868336
S1,approach_blue_block_on_top_of_drawer,0.9,602.1499990212121,-175.85229373700108,371.813710338117,602.5445353293758,-176.78753487992762,370.7952590447565,24.94242019192462,33.74730644046214,35.042533087877466
S1,approach_blue_block_on_top_of_drawer,0.91,603.1596248764986,-177.01578317720094,368.3801472112119,603.621475740954,-177.76866912114747,367.55920776627585,24.791562044147618,33.585255921948075,35.645933332127235
S1,approach_blue_block_on_top_of_drawer,0.92,604.3703718515378,-177.92130699736646,365.4854908573524,604.7217787381506,-178.38595616595387,364.2952340168944,24.34457185579803,34.464600533761406,37.286015025826245
S1,approach_blue_block_on_top_of_drawer,0.93,606.3863872528012,-178.70595801722908,362.96561941453587,605.9482056197164,-178.72709213344757,361.09013343382856,23.164294639902735,34.356325636423904,38.46050868093004
S1,approach_blue_block_on_top_of_drawer,0.9400000000000001,608.8014025352049,-178.5025337199284,359.18429475670814,607.1249107586663,-178.70229330421728,357.7858063465449,22.086021402872824,33.7247163273415,39.449694795281886
S1,approach_blue_block_on_top_of_drawer,0.9500000000000001,608.3234496461363,-176.5224301921503,355.9167170105052,608.0037548233843,-178.54225506376872,354.6524727715839,22.976564130706073,32.911663595624766,37.91708857759533
S1,approach_blue_block_on_top_of_drawer,0.96,606.8814665735548,-175.20342990937297,352.85128568137964,608.7361605308381,-178.09925437081165,351.56781762953125,21.701700327874086,35.3033161533257,37.202840078545314
S1,approach_blue_block_on_top_of_drawer,0.97,607.8499572218433,-175.0737988033584,349.41731761316214,609.6378593353649,-178.21071439709442,348.5921020400081,21.08752335259131,35.929833015379025,36.70144217324563
S1,approach_blue_block_on_top_of_drawer,0.98,609.5710092998024,-175.55567518629096,346.30596108149837,610.4812356375593,-178.68041206176943,346.03492887629875,20.430109466887416,33.07228380456139,35.9060332946831
S1,approach_blue_block_on_top_of_drawer,0.99,610.8589285365933,-175.67396607904658,345.6368492252165,610.9449315370667,-178.56383994006788,344.09523166045796,20.786315211989688,32.382385026138984,36.81776481056011
S1,approach_blue_block_on_top_of_drawer,1.0,610.9853820800781,-176.71371459960938,347.2015686035156,610.9930440266927,-178.6259318033854,344.8440297444661,21.171301768314176,34.13040533956309,36.91182402726259
S2,lift_transport_and_align_blue_block_to_black_table,0.0,610.9853820800781,-176.71371459960938,347.2015686035156,610.9930440266927,-178.6259318033854,344.8440297444661,21.171301768314176,34.13040533956309,36.91182402726259
S2,lift_transport_and_align_blue_block_to_black_table,0.01,608.6655496015164,-176.8240155945407,350.6413435437802,609.6958014914657,-178.1432644683627,349.9021357230582,22.07162103355681,33.99476791225663,36.20436626002719
S2,lift_transport_and_align_blue_block_to_black_table,0.02,606.7854391555625,-177.45266631894816,356.93158534713865,608.744324293179,-177.75987435499573,356.16840012133804,21.372117270734798,33.56830553359329,35.44553022645416
S2,lift_transport_and_align_blue_block_to_black_table,0.03,606.5467912039583,-177.35649257910077,363.3732030481418,607.9099020525933,-177.39223896505283,362.5674451493847,20.91975761051007,32.010695728667876,34.9878166579833
S2,lift_transport_and_align_blue_block_to_black_table,0.04,605.2125101341701,-177.24889079206645,369.4183556767309,607.1069664157673,-177.07383132462942,369.01838037108706,20.06780923671247,31.228064599842337,34.75720879575194
S2,lift_transport_and_align_blue_block_to_black_table,0.05,603.5030283359104,-177.07552989236316,375.4662141265753,606.3352986499627,-176.63549039723782,375.47844683336626,18.899655373402485,31.743520244702033,34.79443579358739
S2,lift_transport_and_align_blue_block_to_black_table,0.06,602.9663690103291,-176.72790817429055,382.0360273705094,605.5278774336003,-176.15496803700765,381.9365243795874,19.113325457963178,31.521327579200072,35.282112944774944
S2,lift_transport_and_align_blue_block_to_black_table,0.07,602.4334978374671,-176.45266746053886,388.65316035060164,604.7411388734806,-175.68862271258436,388.4187863352861,19.087150693173406,30.63477894367136,36.25290278696392
S2,lift_transport_and_align_blue_block_to_black_table,0.08,601.9142077602512,-176.38751946326613,395.08816761870264,603.9725421720625,-175.1845361343573,394.91546956969063,18.936147081823705,29.89302580706977,36.89858252252808
S2,lift_transport_and_align_blue_block_to_black_table,0.09,601.0485705761159,-176.57226466746994,401.3290967009414,603.1250302550695,-174.63834436696314,401.40530696279956,19.42393161275214,29.930146081143043,37.20026672414598
S2,lift_transport_and_align_blue_block_to_black_table,0.1,600.4693031378865,-176.5885595745012,407.4893071526618,602.1340752952476,-174.09618359069353,407.87259183225603,19.994978386807166,30.416883376312438,37.486349292066706
S2,lift_transport_and_align_blue_block_to_black_table,0.11,599.7021130009309,-176.51057370613938,414.3040723840071,600.9539885913988,-173.54304195183533,414.30698527573185,19.96020687111295,30.68657165330372,37.97545454540542
S2,lift_transport_and_align_blue_block_to_black_table,0.12,598.6446650234974,-175.9982901337573,421.30982480661913,599.5685854449247,-172.93518387078498,420.69734063662014,19.518953698993137,30.51842832371266,38.71149102869597
S2,lift_transport_and_align_blue_block_to_black_table,0.13,597.3896270855737,-174.4681971191676,427.6285034720486,597.9732443469261,-172.24499416526575,427.01364869524457,20.024949911460865,29.371354565424895,39.44016181936618
S2,lift_transport_and_align_blue_block_to_black_table,0.14,596.0127991865807,-173.342543335845,434.04172180284945,596.1285916782797,-171.4440664683751,433.23276362590667,19.746437614058365,29.70847255446952,40.33511776303829
S2,lift_transport_and_align_blue_block_to_black_table,0.15,594.7924334005857,-172.4738013216038,440.2645525899952,594.0166175047513,-170.52520302518522,439.3444731397578,19.572723481763305,30.21360569985218,41.15776585245697
S2,lift_transport_and_align_blue_block_to_black_table,0.16,593.2839454585963,-171.54937313884494,446.3492875906867,591.6519251391715,-169.53665367278964,445.34770443780906,19.417464822885222,30.399475330602968,41.82519894297838
S2,lift_transport_and_align_blue_block_to_black_table,0.17,591.5658755174559,-170.73906405727672,452.20845700848383,589.09893436266,-168.48830130490265,451.2584512581016,19.13858479350479,30.93260059587109,41.35298277110845
S2,lift_transport_and_align_blue_block_to_black_table,0.18,588.3156983879067,-169.33828982115608,458.2197073549562,586.3967613830092,-167.4264029642764,457.0930809842084,18.98489278760335,32.16386246787783,41.16855720122459
S2,lift_transport_and_align_blue_block_to_black_table,0.19,585.332685829413,-168.341121048263,464.00609075931857,583.4683469187727,-166.22540372393416,462.79250703683465,19.383009885580456,33.64462878856673,41.03839934390677
S2,lift_transport_and_align_blue_block_to_black_table,0.2,582.2651303702971,-166.5047712486225,469.6197152247315,580.3489492950292,-164.8630322418986,468.35581056011,19.817961284587867,34.6879236036916,40.55960874442347
S2,lift_transport_and_align_blue_block_to_black_table,0.21,578.3045254204249,-164.77242367355234,474.26457060886156,577.0637486195287,-163.42114450537014,473.79719927328443,19.65676502742517,35.45012946630077,40.544962579974296
S2,lift_transport_and_align_blue_block_to_black_table,0.22,574.0897783674425,-163.17262420644582,479.29605960749643,573.6064472044307,-161.92573437527332,479.10867073172557,19.203523130652115,36.57618158153364,39.97673638567167
S2,lift_transport_and_align_blue_block_to_black_table,0.23,569.9417372556225,-161.75811912424092,484.9456612840361,569.9622320021296,-160.44767000348187,484.2941078525378,19.34728949646812,36.817393268826436,39.794675297990274
S2,lift_transport_and_align_blue_block_to_black_table,0.24,565.7722687209734,-160.4022038079554,490.96068309928984,566.0994372825759,-158.9317096652145,489.2944816427635,20.27048659632201,36.9674130678341,39.569107516778374
S2,lift_transport_and_align_blue_block_to_black_table,0.25,561.6435954129438,-158.7005418212444,496.1122230515825,562.0410366255979,-157.34610988358156,494.1092494123252,20.005101952060468,37.018147940460416,39.395143690017576
S2,lift_transport_and_align_blue_block_to_black_table,0.26,557.6970429904561,-156.65257529713452,500.5217704579644,557.8355055360886,-155.7295425992901,498.77616569098626,20.03695262968076,38.019805063331596,39.406156348591885
S2,lift_transport_and_align_blue_block_to_black_table,0.27,553.5159085169881,-155.09369507958564,504.65796008838134,553.4660778217445,-153.9854208435928,503.25670082533895,19.75547227378118,39.09835294767357,39.66195949155911
S2,lift_transport_and_align_blue_block_to_black_table,0.28,549.2465217833028,-154.04599418553272,509.4261621013592,548.9411943358272,-152.13773400922247,507.4967591530466,19.539901138553752,39.406338313676414,41.06991817895093
S2,lift_transport_and_align_blue_block_to_black_table,0.29,544.7058403515484,-152.53096623254686,512.9889900113268,544.2663709516387,-150.20857887803413,511.5049636357255,19.952883658581698,40.75722166120088,41.737768815145564
S2,lift_transport_and_align_blue_block_to_black_table,0.3,539.8332908539566,-150.15879911421533,516.2387921026304,539.4230282148616,-148.18240764913398,515.2473380854053,19.396244820145235,40.84812080486943,42.683434788339056
S2,lift_transport_and_align_blue_block_to_black_table,0.31,534.9749948594985,-147.77092144186912,519.6829787018399,534.4141314067575,-146.02638843812076,518.7581900261491,19.337776984112065,40.64838599419812,43.63495227832543
S2,lift_transport_and_align_blue_block_to_black_table,0.32,529.6152981067249,-145.8566845025549,522.7587418731889,529.2851526179348,-143.76644207233946,522.0571145613709,19.79697999732004,40.77542726531461,44.49927626150937
S2,lift_transport_and_align_blue_block_to_black_table,0.33,524.5921797862472,-143.26626755863643,525.8146326947715,524.0906751909413,-141.3833450527421,525.1837212256066,20.374256814768287,40.56738915630074,45.258816100498656
S2,lift_transport_and_align_blue_block_to_black_table,0.34,519.8865553444232,-140.669561361455,528.3278575709371,518.8359465431934,-138.9279759992261,528.1291757714265,21.605647405044813,40.50958902931933,45.975794170536226
S2,lift_transport_and_align_blue_block_to_black_table,0.35000000000000003,514.4963640384256,-138.07629781644368,531.2637552283386,513.5032381847833,-136.4514644012888,530.9082300875946,22.403014848732433,41.36420434116777,46.64264632331324
S2,lift_transport_and_align_blue_block_to_black_table,0.36,509.01059011079406,-136.05570111933042,534.2279424081863,508.1503096758786,-133.9406857830936,533.5554252905646,23.14403810919759,43.173640868925546,47.774996589351346
S2,lift_transport_and_align_blue_block_to_black_table,0.37,503.66206242083854,-134.40318065160002,536.7213078801235,502.7869028124272,-131.4242946166585,536.1447077496404,24.90728010215794,44.86020143749592,48.89493166102706
S2,lift_transport_and_align_blue_block_to_black_table,0.38,498.57504755572893,-131.95957544010105,538.890059207019,497.4057822882643,-128.8192570646338,538.6590268413144,25.83728065859743,45.67172206043262,49.253238875377576
S2,lift_transport_and_align_blue_block_to_black_table,0.39,493.19996200563025,-129.7430021073602,540.6860259865352,492.05794777954395,-126.0765037999151,541.081518270463,26.468463808337212,46.75062616892313,49.29128331609853
S2,lift_transport_and_align_blue_block_to_black_table,0.4,488.34304803780935,-127.53694021845989,542.2929854011471,486.69950178313337,-123.31696890155568,543.4328639975204,27.651559133907217,48.39563470595125,49.321827899323786
S2,lift_transport_and_align_blue_block_to_black_table,0.41000000000000003,483.6790065728942,-124.46132495493748,544.7635860273305,481.274878293877,-120.5827900186906,545.6690358051435,28.479314902276123,48.4122167570256,49.88740406935548
S2,lift_transport_and_align_blue_block_to_black_table,0.42,478.0208416942403,-120.65612558357654,546.8174358849457,475.8460238689584,-117.83464795180774,547.8053742905566,28.712895664530215,48.977021548748944,49.64906068385207
S2,lift_transport_and_align_blue_block_to_black_table,0.43,472.25864318674235,-117.32758378157564,548.8913904802691,470.31889146930797,-115.09606606993201,549.7068549395922,29.119747940764583,48.592027630179054,49.750256455489584
S2,lift_transport_and_align_blue_block_to_black_table,0.44,466.34918797280926,-114.2107153255191,550.4929826852106,464.6807199351934,-112.30408407317238,551.2926585548145,30.24534850097932,48.35759195369583,49.99484112353538
S2,lift_transport_and_align_blue_block_to_black_table,0.45,460.50909196415387,-111.16413498620514,551.242688715073,458.9309581712518,-109.42347446720694,552.3377253391684,31.207996780625223,48.083119944279474,49.9087101650066
S2,lift_transport_and_align_blue_block_to_black_table,0.46,454.5759799453009,-108.23900197537725,551.4771902593367,453.16907366125844,-106.4709242581152,553.1298790681846,31.528149949217593,47.596600687797185,50.21599836053017
S2,lift_transport_and_align_blue_block_to_black_table,0.47000000000000003,448.69895662318754,-104.89052210879414,551.777563202688,447.407034941698,-103.43886162527038,553.651609750425,30.89575051336863,48.426876888129485,49.99528697600223
S2,lift_transport_and_align_blue_block_to_black_table,0.48,442.9464041043745,-100.90696539163878,552.0959661516596,441.66264609418033,-100.34688057271582,554.0457525876075,31.292835349432647,48.49930287771712,50.22299747304432
S2,lift_transport_and_align_blue_block_to_black_table,0.49,437.2087967336421,-97.04256182770771,552.5008060068703,435.94244296535396,-97.21830004368142,554.2344708250671,30.8136759686039,48.908387083680225,50.90514593492745
S2,lift_transport_and_align_blue_block_to_black_table,0.5,431.5016334350143,-93.61564248685792,552.8755943327405,430.32363532449705,-93.93560013631132,554.336169792811,31.25573309126549,49.134238591773205,51.86496005735191
S2,lift_transport_and_align_blue_block_to_black_table,0.51,425.9560375371152,-90.85103428235507,552.953371470323,424.80014201777584,-90.55944787190747,554.2881492504736,31.989876323164502,48.692783099282615,52.466688439772305
S2,lift_transport_and_align_blue_block_to_black_table,0.52,420.6654006244378,-88.11714122607155,553.0190593778103,419.36332366851127,-87.13082302855565,553.8943384275411,33.04938982701834,48.79958414946623,52.96538977305773
S2,lift_transport_and_align_blue_block_to_black_table,0.53,415.650416841926,-84.40068744314223,553.690582643743,414.0431210533632,-83.60466312304919,553.1043043207576,33.74486463906067,48.996147079348475,53.54191460070979
S2,lift_transport_and_align_blue_block_to_black_table,0.54,410.7048687123653,-80.03775749735453,553.9190687317993,408.87975123132463,-79.95326947278481,552.0841037066978,34.74596953063927,48.919098914470375,53.779117904585945
S2,lift_transport_and_align_blue_block_to_black_table,0.55,405.80968934312517,-75.78314441021577,552.045898856227,403.90431461891603,-76.1166482965189,550.8547400966892,35.503077196186396,48.34254251550035,54.27654764608508
S2,lift_transport_and_align_blue_block_to_black_table,0.56,401.79606254382645,-71.70859316112683,549.3679234947665,399.1504286183468,-72.18899376860591,549.1981362895023,35.263077262646476,48.154800442996915,56.31726618156737
S2,lift_transport_and_align_blue_block_to_black_table,0.5700000000000001,397.4838289048266,-67.93770795188496,547.5949735345972,394.5945838336158,-68.26781459177278,547.1685418936452,36.39240676343566,47.89189639127262,57.82953164775691
S2,lift_transport_and_align_blue_block_to_black_table,0.58,392.8700289305782,-64.16256131517352,544.6076520653312,390.18999965244683,-64.58678622417595,544.824890806686,35.69077944552616,47.54253363909702,59.49513235331511
S2,lift_transport_and_align_blue_block_to_black_table,0.59,389.09758204487423,-61.176334260851604,542.3270728266918,386.0164872242414,-60.95400241154967,541.9878082540702,35.86628005444632,47.15208987027178,61.907356907232625
S2,lift_transport_and_align_blue_block_to_black_table,0.6,385.3643902542989,-57.17101257139538,539.7401295817659,381.8286338887611,-57.38084790674956,539.0049111105526,35.780556346921585,48.10484029522599,64.43419528541048
S2,lift_transport_and_align_blue_block_to_black_table,0.61,380.99973885881866,-53.24784763777459,536.474659263447,377.6994649868455,-53.942385960795576,535.8318591450878,36.28932705105998,49.07686619642518,64.41868364168438
S2,lift_transport_and_align_blue_block_to_black_table,0.62,376.7248412055876,-49.442488593623025,533.130502066793,373.76530015513606,-50.61982105337689,532.3851342979825,36.87476610389804,49.6859045881415,64.34232230363847
S2,lift_transport_and_align_blue_block_to_black_table,0.63,372.69028021214984,-47.369709288771695,530.4696522218908,370.0858178310539,-47.438558196736246,528.692208918373,37.3683626031481,50.26894887661185,63.99722449184855
S2,lift_transport_and_align_blue_block_to_black_table,0.64,369.4578824295986,-44.739655963754124,527.6574119642793,366.7523584612252,-44.190280056861596,524.6755202189978,36.61222003413394,51.43813437837188,63.6380729460557
S2,lift_transport_and_align_blue_block_to_black_table,0.65,366.1132094128607,-41.04927178914929,523.5040744808514,363.7430359363178,-40.91552054531167,520.4169102691479,36.21808732013849,52.990403152995114,63.278896004146034
S2,lift_transport_and_align_blue_block_to_black_table,0.66,363.2316786795477,-37.264685580470235,519.903932237007,361.0472478983853,-37.697797949933644,515.9555502908812,36.18925658132741,55.22602158900568,60.57395560859666
S2,lift_transport_and_align_blue_block_to_black_table,0.67,359.9286798707776,-34.573273179098706,514.5245235733646,358.62150879132145,-34.57345728684718,511.3185464674395,36.214078771043404,53.58602242652493,56.483134611998
S2,lift_transport_and_align_blue_block_to_black_table,0.68,358.00015698878076,-32.74526503813612,508.8714102882527,356.456434716107,-31.50370282885913,506.4779391157819,36.225841487763816,51.66991473051547,53.95861799390168
S2,lift_transport_and_align_blue_block_to_black_table,0.6900000000000001,356.52370967959246,-30.496789045216218,503.4177244587868,354.4155248328868,-28.71830759834053,501.3882743758901,35.2281347541067,49.95794558290904,54.895234820221106
S2,lift_transport_and_align_blue_block_to_black_table,0.7000000000000001,354.5346854875671,-26.535759822515303,498.1879483239894,352.5321279808171,-26.063397431046372,496.2174849236663,34.289416519971965,50.429927599405545,54.661117263173686
S2,lift_transport_and_align_blue_block_to_black_table,0.71,352.8678228932449,-22.509984624296717,492.5334456446362,350.97362064426227,-23.55580513940509,490.89564491044587,33.138228571958166,49.522782227106866,54.059644154443816
S2,lift_transport_and_align_blue_block_to_black_table,0.72,351.54069680832106,-19.398129966240447,487.00408959975033,349.77725083100194,-21.140978145431728,485.42311823307557,32.04527307328916,49.13142824966022,53.401850405271695
S2,lift_transport_and_align_blue_block_to_black_table,0.73,350.38877181769124,-17.176992254586537,481.5417214910152,348.883999989119,-18.742418040254453,479.84022323816447,31.132823266771666,49.94087515890901,53.63032597198411
S2,lift_transport_and_align_blue_block_to_black_table,0.74,350.24280176126763,-15.42962249006312,475.57050383534045,348.17642250309115,-16.398919821566157,474.18650660268315,30.89192768072729,48.79383177735957,53.98370909721543
S2,lift_transport_and_align_blue_block_to_black_table,0.75,350.3364319160286,-13.297701484795741,470.02213455950573,347.2984930746519,-14.346126181311522,468.3932712906488,28.94958400535721,49.31379473055038,54.45263633473934
S2,lift_transport_and_align_blue_block_to_black_table,0.76,347.43089436323044,-13.83738277113971,464.3437773393483,346.4244727562931,-12.594589334548383,462.63741625001717,28.94105760625115,51.27238497390309,54.35186122570315
S2,lift_transport_and_align_blue_block_to_black_table,0.77,344.4036092315321,-13.486388181418462,458.48421263421426,345.7070058713013,-11.030333072243167,456.9752872067556,29.091592039322183,52.61465011265236,54.66661814699303
S2,lift_transport_and_align_blue_block_to_black_table,0.78,342.52439471466977,-12.00743722297722,452.44172172446076,344.9252527448983,-9.463217198644946,451.3597434612924,28.990380212028832,51.30508917379893,55.03936450204785
S2,lift_transport_and_align_blue_block_to_black_table,0.79,342.24738523113956,-10.241143319313482,445.7746196977914,343.9914317504051,-7.94558069784893,445.81427650761805,28.890749510682454,50.544686108392355,55.315462708987475
S2,lift_transport_and_align_blue_block_to_black_table,0.8,342.64300105344347,-8.430990514013809,439.4868059648444,343.0519286572986,-6.597806050154678,440.0098430476207,28.966030979562124,49.25308217938244,55.11351605213765
S2,lift_transport_and_align_blue_block_to_black_table,0.81,342.8897578460306,-7.2960713782845605,434.0250493023551,342.2922980564153,-5.375560346976344,433.9752787437177,26.96366899278953,47.39523669800201,55.61983020549228
S2,lift_transport_and_align_blue_block_to_black_table,0.8200000000000001,343.0515866326532,-5.9572517182725155,429.06862144532295,341.553530658488,-4.311483492633125,427.8380119419607,26.372658669701828,45.73975054809475,54.11969184593029
S2,lift_transport_and_align_blue_block_to_black_table,0.8300000000000001,342.70263423765925,-5.298902792397602,423.58829998635645,340.82547685124797,-3.469744845937444,421.768055139698,25.278770478312076,46.05664003715599,51.63627509845375
S2,lift_transport_and_align_blue_block_to_black_table,0.84,341.45282162806325,-4.948359480901605,417.4332783406082,340.2903962519061,-2.698681990276931,415.77512005459187,25.17776002767961,46.17071856417763,48.28736008687803
S2,lift_transport_and_align_blue_block_to_black_table,0.85,341.8759638926152,-3.9644403078332795,410.92916278737266,339.87124177785216,-1.9378458578152817,409.7526112645843,25.426503065740174,42.733976873510215,47.15107895014734
S2,lift_transport_and_align_blue_block_to_black_table,0.86,341.61475156304243,-2.7893545948108485,404.5228796883707,339.51722422120343,-1.3520007312375877,403.7310096220598,23.968144692003854,42.93646724193945,45.002307240618315
S2,lift_transport_and_align_blue_block_to_black_table,0.87,341.3088968367572,-2.2392638940173546,398.1938588779868,339.2644809453816,-0.8571173308522297,397.6498655847737,24.237367267334317,42.10999533524519,42.811833874580444
S2,lift_transport_and_align_blue_block_to_black_table,0.88,339.9657295234832,-0.9848545386640698,391.38638680704065,339.51226018631957,-0.5146243094453702,391.67858214835366,23.05965008559073,37.472832645956935,41.5267598707432
S2,lift_transport_and_align_blue_block_to_black_table,0.89,338.99495176337587,0.8444899742784941,384.61766771642294,339.83491177356905,-0.3448851393249993,385.8048769015297,21.452848012891373,35.960316745774435,38.20819068613867
S2,lift_transport_and_align_blue_block_to_black_table,0.9,338.29283436981723,1.6296087823108856,378.01910025238055,340.09241271201034,-0.12398333590264082,379.8793182715015,20.463101301278662,33.90361451256586,36.03582254194409
S2,lift_transport_and_align_blue_block_to_black_table,0.91,338.79815110487004,0.8135248247000348,371.4098944530098,340.4733911680368,0.07007847882175451,373.9279183301183,19.577469104659542,34.1407827625142,35.53760062332577
S2,lift_transport_and_align_blue_block_to_black_table,0.92,339.07446114087395,0.36253210027076477,365.22056915955557,340.49584970353885,0.07540564471634123,368.0443686718178,20.214352441890643,33.550269218171294,37.2894690882469
S2,lift_transport_and_align_blue_block_to_black_table,0.93,340.4145500293142,0.3971198831960262,359.20329052792863,340.3484276935675,0.06450385948410021,362.1818983072316,20.193291517938924,34.81512040457541,35.9724765978935
S2,lift_transport_and_align_blue_block_to_black_table,0.9400000000000001,339.516235580611,-0.3247377644043546,355.2154541215426,340.5192215214698,0.17552773063851485,356.4054014599681,21.311956591396736,34.41264408319776,35.41270471131942
S2,lift_transport_and_align_blue_block_to_black_table,0.9500000000000001,339.03751111864096,-0.17519002421372667,350.041697142113,340.8498165598094,0.5026738608511896,350.67575265848535,19.817022938238757,34.256131065379094,35.93642811106896
S2,lift_transport_and_align_blue_block_to_black_table,0.96,340.1162855927397,0.014326065088446263,343.2390550440137,340.7019312260393,1.0827790216117872,344.9480023263015,20.13836683949929,34.876811425254836,35.210177963662424
S2,lift_transport_and_align_blue_block_to_black_table,0.97,338.6808982667259,1.134252845065134,337.49325672963187,340.5620692060174,1.219917258109602,339.40006961773526,20.14826687533249,34.102483418656526,36.299593802725596
S2,lift_transport_and_align_blue_block_to_black_table,0.98,339.3079139717538,1.7247593169409132,331.7711934891938,340.4294161558341,0.9615894915748506,334.0626680052565,21.523490394483197,34.90871866497741,36.104468529966994
S2,lift_transport_and_align_blue_block_to_black_table,0.99,338.5266890663144,1.5328583365935735,326.7924977009683,340.1646350984338,1.3163863811363032,329.35299344526544,19.824073643536174,34.23659068517935,36.62211273442355
S2,lift_transport_and_align_blue_block_to_black_table,1.0,338.11219787597656,2.211663246154785,326.28907775878906,340.60386555989584,1.5266048947970072,327.8247141520182,17.922577513260656,36.06003858338799,37.489348833174496
S3,retract_after_placing_blue_block_on_black_table,0.0,338.11219787597656,2.211663246154785,326.28907775878906,340.60386555989584,1.5266048947970072,327.8247141520182,17.922577513260656,36.06003858338799,37.489348833174496
S3,retract_after_placing_blue_block_on_black_table,0.01,338.1410496975963,2.888077101868599,329.0551932244735,340.78349852210727,2.0956738122934775,329.9918813550077,18.223290748576066,35.241941883856065,37.14675337453392
S3,retract_after_placing_blue_block_on_black_table,0.02,338.4344210041358,2.8342351775241017,331.96938565337626,341.2687931951813,2.310893150550083,332.5776832422215,18.538774335786982,34.70312553361463,36.88524217049902
S3,retract_after_placing_blue_block_on_black_table,0.03,338.8398849830452,2.977049809185268,334.8506378452615,341.79797094006915,2.4416044308105724,335.1703812398375,18.706591634103027,34.19016543651409,36.50915971365788
S3,retract_after_placing_blue_block_on_black_table,0.04,339.3895121665333,2.937992780315324,337.7269639483571,342.3395056699636,2.5341521897302424,337.7714806625996,18.978301294123042,33.53661103533722,36.036847280421526
S3,retract_after_placing_blue_block_on_black_table,0.05,340.002248830535,2.9642650955005356,340.0173899144599,342.88404006443085,2.6011160905965602,340.38069443079723,18.964149006506627,33.13237129516544,35.84876599711719
S3,retract_after_placing_blue_block_on_black_table,0.06,340.5634897514652,3.2504350539469877,342.1856291277231,343.4185197647829,2.6507694700202262,342.9940983862259,18.575565152453912,32.792262441142604,35.82874117426144
S3,retract_after_placing_blue_block_on_black_table,0.07,341.04476328376245,3.5258994990034775,344.8004661305952,343.94717828482294,2.687717569067514,345.6057880728022,18.63083108564784,32.317354860556264,35.95506935833026
S3,retract_after_placing_blue_block_on_black_table,0.08,341.7037196653987,3.532016405208183,347.96111449332693,344.4694429690933,2.6918089792220554,348.2125216887884,18.457584426180432,31.499068354209694,35.959112529793416
S3,retract_after_placing_blue_block_on_black_table,0.09,342.40138755512186,3.417711858870372,351.1213714776484,344.99949670807115,2.665485439715454,350.8202340951184,18.4638919406513,31.68939177180613,35.89693045925681
S3,retract_after_placing_blue_block_on_black_table,0.1,342.88688256081696,3.2551534763566483,354.14809860014105,345.53987975330745,2.626411822598348,353.4331723027684,18.555746343286977,31.628946630983947,36.02985272522247
S3,retract_after_placing_blue_block_on_black_table,0.11,343.3987051979311,3.1466820363118213,356.6320504558129,346.0965859853846,2.582489430922563,356.0463766674944,18.69872456139086,31.295344245668428,36.30333263358685
S3,retract_after_placing_blue_block_on_black_table,0.12,343.94218210958104,3.005927099123758,358.93000381398826,346.6644568141331,2.5175152743752913,358.6593989182382,18.81999369014382,30.86129759317941,36.58736118916654
S3,retract_after_placing_blue_block_on_black_table,0.13,344.46764806152436,2.8099224098333915,360.94046931954097,347.25126261559205,2.4239080539449,361.2705192864574,18.803568145169514,31.30076006127879,37.01461863995594
S3,retract_after_placing_blue_block_on_black_table,0.14,345.0860472461927,2.4893613817059235,363.19282056920866,347.84586229408575,2.3063191928980884,363.88110482575837,18.856729168690663,31.841656130889245,37.29141510496431
S3,retract_after_placing_blue_block_on_black_table,0.15,346.05691916442186,2.112930569714663,365.6921085826508,348.44594425520944,2.1698686674955807,366.4886130331494,19.07752648668071,31.984649482234826,37.134640391495964
S3,retract_after_placing_blue_block_on_black_table,0.16,347.1963174485521,1.7614060618666145,368.12001440298775,349.0349746089257,2.0202119249862247,369.0974635192209,19.467368824276356,32.0782478857011,36.886670839133444
S3,retract_after_placing_blue_block_on_black_table,0.17,348.2533361391637,1.4477827860624914,370.7719461001385,349.60953964643727,1.858715326495097,371.70972688605565,19.845954176018285,32.06722276601292,36.625894472217084
S3,retract_after_placing_blue_block_on_black_table,0.18,349.1518759975559,1.419644997033876,373.4339063791303,350.1628530753175,1.683787848958778,374.32421133873146,20.141429696696854,32.543307521200866,36.51468281414796
S3,retract_after_placing_blue_block_on_black_table,0.19,349.91994379770335,1.426147605449529,375.8972758098031,350.69369629072827,1.5028859707934619,376.94072617721594,20.331898815427127,33.08416568654289,36.61982140936237
S3,retract_after_placing_blue_block_on_black_table,0.2,350.68820797051075,1.4620162991400227,378.187293647597,351.2157815865533,1.3149893356189486,379.55605401174915,20.506182953507,33.57395831989269,36.82380661947048
S3,retract_after_placing_blue_block_on_black_table,0.21,351.41599352427045,1.5240875742804902,380.4793139412385,351.72579752003537,1.127388126272541,382.1731220044945,20.669511555173425,34.05412761435557,37.0876116583315
S3,retract_after_placing_blue_block_on_black_table,0.22,352.03165932473655,1.5604311521212084,382.77330647082255,352.2211726141235,0.9345760682217914,384.7925290477405,20.664278966366822,34.41895084815381,37.519055257699065
S3,retract_after_placing_blue_block_on_black_table,0.23,352.56691200327487,1.583257928288345,385.074870018732,352.7028382059978,0.7442362638079177,387.4163168200065,20.70041553529162,34.7504470414422,38.00411485775223
S3,retract_after_placing_blue_block_on_black_table,0.24,353.0986140965765,1.5604872355535813,387.6791537180053,353.17995735416986,0.5500392109508299,390.0400546828972,20.66370476341713,35.22500016447866,38.31854640998067
S3,retract_after_placing_blue_block_on_black_table,0.25,353.59824567167357,1.3400990143406994,390.37889161250183,353.65518924878967,0.34668930692843164,392.662819578768,20.584758163660318,35.74229139869956,38.60470913134041
S3,retract_after_placing_blue_block_on_black_table,0.26,354.0770583944557,1.026964134916216,393.08068288490654,354.12814823145766,0.1326189462720961,395.28384898398303,20.605515026124046,36.27246202605609,38.92910956238393
S3,retract_after_placing_blue_block_on_black_table,0.27,354.53315418199537,0.5016503390520288,395.37518396543095,354.5895809494943,-0.09196173753176501,397.90405589326116,20.755879729951317,36.62618277000208,39.38731437243634
S3,retract_after_placing_blue_block_on_black_table,0.28,354.9545413507632,0.27244424241050874,397.6988818754432,355.0484460521942,-0.3259963616103787,400.52078027823956,20.99761919503645,36.99509410081878,39.67169611339752
S3,retract_after_placing_blue_block_on_black_table,0.29,355.34584596150376,0.14400676459534828,400.3522959626969,355.502911275716,-0.5608161709825346,403.1358282264258,21.25140531260836,37.514503782100476,39.784189860228395
S3,retract_after_placing_blue_block_on_black_table,0.3,355.72590958038825,-0.04595219689577998,402.99613839145064,355.9530031098205,-0.8192583491554054,405.7483922329574,21.50784177212844,38.02055726082521,39.936216472303656
S3,retract_after_placing_blue_block_on_black_table,0.31,356.0877375889162,-0.39860680461581455,405.7372655300916,356.39327873790023,-1.1051736310847107,408.357752682203,21.815252074820698,38.29332344192657,40.22148636446388
S3,retract_after_placing_blue_block_on_black_table,0.32,356.4248400384637,-0.7938925022056436,408.7151112128526,356.8241654140158,-1.4134134635757818,410.96533015403327,21.94928325458841,38.55242024312819,40.477711882359266
S3,retract_after_placing_blue_block_on_black_table,0.33,356.7914784014313,-1.1844550768915507,411.45038176170124,357.2507412498125,-1.747967556331136,413.5686575720089,22.125123659279687,39.03905787391187,40.77085343134135
S3,retract_after_placing_blue_block_on_black_table,0.34,357.36206565560053,-1.6921866412132873,414.116870697442,357.6658759366682,-2.124026098333711,416.16532825701455,22.282404454265972,40.5872733148096,41.10693169245282
S3,retract_after_placing_blue_block_on_black_table,0.35000000000000003,357.9273153686937,-2.2084934980985835,416.8113288880619,358.0600231574472,-2.5297024713701477,418.7609465201961,22.47853324503118,41.435054055028765,41.90125488544128
S3,retract_after_placing_blue_block_on_black_table,0.36,358.49254646670045,-2.701143680299728,419.5219309566803,358.4279074392742,-2.9569740686565096,421.3562548413487,22.701979994869674,41.534874311386346,43.163448566206235
S3,retract_after_placing_blue_block_on_black_table,0.37,359.0435209441837,-3.156215377045127,422.2567142968711,358.76977692233385,-3.3860860300483333,423.9544625376721,23.360495677788947,41.61014286032129,44.446302473087684
S3,retract_after_placing_blue_block_on_black_table,0.38,359.5459607842467,-3.832996083408759,424.99891708070356,359.08502972141537,-3.828223069296642,426.55375456639206,24.008153183427304,41.72679152877313,45.77431299266593
S3,retract_after_placing_blue_block_on_black_table,0.39,359.9806819792909,-4.5503221179862745,427.7535973954439,359.3971319280539,-4.290913093611162,429.149869306115,24.321179719827235,41.89445496490247,46.559018123374926
S3,retract_after_placing_blue_block_on_black_table,0.4,360.38412005197745,-5.23019685264709,430.51648218907224,359.7011394542946,-4.778171206440238,431.742064139804,24.302839294753245,42.05336985872464,47.09519200498338
S3,retract_after_placing_blue_block_on_black_table,0.41000000000000003,360.80581144379835,-5.913530334363667,433.2913437596084,359.99590594501285,-5.2789159838385835,434.3326243875469,24.351099190482596,42.18462209517519,47.62321040516468
S3,retract_after_placing_blue_block_on_black_table,0.42,361.26543068967936,-6.293551647485463,436.0680643298066,360.2909838850771,-5.811119371049604,436.9158145951199,24.734686979288718,42.35428610082984,48.117124613991145
S3,retract_after_placing_blue_block_on_black_table,0.43,361.73613608731677,-7.012421682755102,438.521778918771,360.58231072419665,-6.371846764539572,439.49236128619935,24.92870514916979,42.9527114821674,48.6731766917028
S3,retract_after_placing_blue_block_on_black_table,0.44,362.1116856225922,-7.891909175650529,440.85741495974855,360.87307369423075,-6.9690163563478995,442.0564159751177,25.026402709231604,43.65997577058728,49.25707737381981
S3,retract_after_placing_blue_block_on_black_table,0.45,362.4349694576427,-8.752733730319083,443.17674087634214,361.1666175053811,-7.614766236418875,444.6041689396427,25.06346775686983,44.40826207971428,49.834906815574904
S3,retract_after_placing_blue_block_on_black_table,0.46,362.7941414270415,-9.608435088008004,445.48638164940996,361.4521750173336,-8.309926268699893,447.13264269930625,25.045142891940383,45.10792438908199,50.39523477214335
S3,retract_after_placing_blue_block_on_black_table,0.47000000000000003,363.1590763356239,-10.471625066253313,447.789883045712,361.7222702234734,-9.088277371984526,449.6146584502739,24.938009009943954,45.80243081792797,50.945602051779396
S3,retract_after_placing_blue_block_on_black_table,0.48,363.5263867340533,-11.156643792569017,450.0960734404449,361.96657470351977,-9.920872514058875,452.05700276663174,25.04790270791166,46.48569078568853,51.46861421463497
S3,retract_after_placing_blue_block_on_black_table,0.49,363.8995358460397,-11.951993226693045,452.4074187809991,362.1856486173831,-10.79257412353695,454.46431663911574,25.373293553105007,47.1479808024147,51.97328002228428
S3,retract_after_placing_blue_block_on_black_table,0.5,364.32845043547934,-12.562433718285721,454.717853751483,362.38212954753703,-11.732262689602623,456.82361791307113,25.46947996129144,47.766574839701754,52.41212684391971
S3,retract_after_placing_blue_block_on_black_table,0.51,364.7459878118191,-13.269132775053041,457.027143228177,362.53025092110914,-12.742466361158936,459.1228642160498,25.358865958836276,48.35948755819718,52.76335185054633
S3,retract_after_placing_blue_block_on_black_table,0.52,365.14275455467407,-14.024808618734708,459.33350293040417,362.60497966955023,-13.815564782898395,461.34870776736415,25.24666536291221,48.901874823633015,53.09041157021051
S3,retract_after_placing_blue_block_on_black_table,0.53,365.16989271160645,-15.416010792966436,461.6218797585111,362.6287016901434,-14.947024853596508,463.48209243371457,26.103024519092784,49.6465662080711,53.41521945136137
S3,retract_after_placing_blue_block_on_black_table,0.54,364.9873304234185,-17.066840272956604,463.8969928794829,362.6032827159926,-16.138871213842165,465.52182294217613,27.06888251685286,50.5365442610697,53.73540448484125
S3,retract_after_placing_blue_block_on_black_table,0.55,365.18951516050527,-18.20425222701705,466.1535811042304,362.5473802507444,-17.405856875413203,467.4546902807518,27.534174877372042,51.16158124933418,53.97991438348585
S3,retract_after_placing_blue_block_on_black_table,0.56,365.0007984290943,-19.04586264392435,468.3426539949671,362.52756090700234,-18.78476246685972,469.26355519953364,27.7347108209694,52.0809873452968,54.20322695939893
S3,retract_after_placing_blue_block_on_black_table,0.5700000000000001,365.20381438492166,-19.03663953712531,470.47818778374574,362.5355789694288,-20.226424304486166,470.9891334138171,27.874000740713285,52.569220755742535,54.44432138576161
S3,retract_after_placing_blue_block_on_black_table,0.58,365.3526008533624,-19.268347116477106,472.58148206771443,362.55945213660124,-21.713021697299133,472.687054906597,28.02778735260982,52.82513716218953,54.84466608184607
S3,retract_after_placing_blue_block_on_black_table,0.59,364.93758231285216,-21.123129513953756,474.63971044431196,362.5825368388911,-23.2859910378305,474.34122820401046,28.531547301505483,53.95476133247182,55.27371393121076
S3,retract_after_placing_blue_block_on_black_table,0.6,364.36389355797115,-24.133680736262914,476.6360075855824,362.5964586526422,-24.91744740988998,475.9350416092103,30.090580372293534,55.46671927224341,55.55765816493506
S3,retract_after_placing_blue_block_on_black_table,0.61,363.91900513807116,-26.417924888808173,478.5499766773096,362.59575413968,-26.573954359229024,477.4682681399006,30.63998350868541,55.440083792328835,56.690194833420215
S3,retract_after_placing_blue_block_on_black_table,0.62,363.8896618256457,-27.92028721444339,480.4403461957685,362.60178849300405,-28.275716045517473,478.86716668274534,30.819493780322155,55.37167780267146,57.437937990665596
S3,retract_after_placing_blue_block_on_black_table,0.63,363.83500451544785,-29.965799365495286,482.276265501328,362.50421662196584,-29.91184153907469,480.0730335823768,31.497408187958804,55.23428544725628,58.25037676472626
S3,retract_after_placing_blue_block_on_black_table,0.64,363.78077183290543,-31.749070265386123,483.5015652709695,362.30413564551,-31.67446686506049,481.13589928498544,31.56732382475102,55.49203332842544,58.70612944106283
S3,retract_after_placing_blue_block_on_black_table,0.65,363.7707847438385,-33.54645024170475,484.57780062365197,362.0942833425903,-33.519927907684846,482.09548009894263,31.559911226102933,55.691483688162386,59.00995507151465
S3,retract_after_placing_blue_block_on_black_table,0.66,364.12549732069374,-35.988195330348006,485.20999252651313,361.8876470399909,-35.31869699807427,482.92893266417707,31.491787417819133,55.39505697863461,58.9650416164178
S3,retract_after_placing_blue_block_on_black_table,0.67,364.8616226204565,-38.396033431003026,483.93524872811753,361.6861973977943,-37.15571244132634,483.5827548708284,31.831869010489,55.591598362877235,57.91551444227379
S3,retract_after_placing_blue_block_on_black_table,0.68,364.5366218707734,-40.82556533797003,483.51186190059605,361.44019334132685,-38.97677098710397,483.9898630335833,31.626596217247215,55.486219082096035,57.947176689752894
S3,retract_after_placing_blue_block_on_black_table,0.6900000000000001,363.8773897384768,-43.09834927375779,483.64298175966286,361.21808665593556,-40.643567815184646,484.3157937566162,31.84047824916425,55.18518882866448,58.339904106253975
S3,retract_after_placing_blue_block_on_black_table,0.7000000000000001,363.6284218739644,-44.14274682963023,483.03017830103545,360.9780340009481,-42.21274980225791,484.31659488974225,32.4033207995625,54.03815534188446,58.075850241548856
S3,retract_after_placing_blue_block_on_black_table,0.71,363.2776676647875,-45.3053373855346,482.64825788114774,360.68176122756967,-43.71450639917921,484.2089525067551,32.07399333420384,54.31897265139064,58.02537751805695
S3,retract_after_placing_blue_block_on_black_table,0.72,363.0056917683162,-45.64614242590695,482.9631568504201,360.27943463232646,-45.10203015532662,484.04924387308716,30.752160320759344,55.72601971169909,58.369930044039116
S3,retract_after_placing_blue_block_on_black_table,0.73,362.97710503116457,-46.257571495247134,483.1152962960808,359.8679443421308,-46.42090841997113,483.7199209884045,30.63146880250897,55.37710202098711,59.56592594894748
S3,retract_after_placing_blue_block_on_black_table,0.74,362.91387990573713,-46.44461244005997,483.2712991497409,359.6813381677429,-47.69085420487758,483.22559948760426,31.364291592144347,54.716899470188835,61.206237800162576
S3,retract_after_placing_blue_block_on_black_table,0.75,363.2296577251811,-47.0914612280619,482.8140392870631,359.5894833353656,-48.77622517962163,482.69773008078914,31.36112449037252,53.69921157979394,61.331707833849215
S3,retract_after_placing_blue_block_on_black_table,0.76,363.11826874429926,-47.037263920263285,481.7897541639259,359.5750090895539,-49.70719457126458,482.0747952368868,31.60971732118778,52.13072622089721,60.580380434598226
S3,retract_after_placing_blue_block_on_black_table,0.77,363.34869730404483,-46.569510776875646,482.07013927605044,359.6507717250592,-50.53084867724904,481.37571801556106,31.630228356802725,53.64344851654596,59.743839108918074
S3,retract_after_placing_blue_block_on_black_table,0.78,363.1244823831245,-45.96308495908779,482.71592244315076,359.77433276103267,-51.34926497047691,480.660085433124,32.26261053422397,54.90512751760276,57.33895644647406
S3,retract_after_placing_blue_block_on_black_table,0.79,362.7816619935475,-46.10299821668346,481.6745035861326,359.8473509823832,-52.08780748174527,479.88950197920695,32.756267611503475,52.36048941835776,57.4744150026401
S3,retract_after_placing_blue_block_on_black_table,0.8,361.24571094553676,-46.71908669302198,479.95171898224055,359.8433203711085,-52.47224636722708,478.964074216504,32.25821591447973,48.92034002234697,56.93062898156607
S3,retract_after_placing_blue_block_on_black_table,0.81,360.3687892555971,-48.80082213521282,479.4567556992133,359.6789812165683,-52.6666622251223,478.2981830029478,34.614694172782066,48.212553356524914,54.12315008383465
S3,retract_after_placing_blue_block_on_black_table,0.8200000000000001,361.1601450591554,-50.57179771234158,478.7147818987845,359.52003604346334,-52.59909753811336,477.7005306953063,36.29341288143175,48.52996142034221,52.4854024432771
S3,retract_after_placing_blue_block_on_black_table,0.8300000000000001,360.30160352491237,-50.68966297391178,476.8476885406326,359.4886112129798,-52.16797215836871,476.91064699670636,34.89706357206373,46.598575390195634,51.22597031450616
S3,retract_after_placing_blue_block_on_black_table,0.84,360.53768017601703,-50.056199673562205,475.91683819607687,359.4626132188221,-51.55369165266893,476.247533335409,33.07424839683479,47.47946291989171,50.91073269915552
S3,retract_after_placing_blue_block_on_black_table,0.85,360.9191636571178,-49.10410004994067,476.03027134851436,359.472907754238,-50.637101181166074,475.7104529327161,33.03553749988716,49.91417131493582,50.36066562449732
S3,retract_after_placing_blue_block_on_black_table,0.86,360.87624453950275,-48.24441624850227,474.87533549000796,359.47534549890355,-49.788223904432584,475.01954620629647,33.79348572595102,49.15097612168828,49.996366030673144
S3,retract_after_placing_blue_block_on_black_table,0.87,359.65883525297266,-48.16859289620994,474.5588403152502,359.4635893821469,-48.859768933826786,474.4821204631668,32.653820262148706,47.82235627362554,49.56501643403436
S3,retract_after_placing_blue_block_on_black_table,0.88,358.7275661248302,-48.239048078554646,474.4363241865525,359.3181103123073,-47.817389180236894,474.2026224470456,31.80666448917719,46.94461977489037,48.803916800795804
S3,retract_after_placing_blue_block_on_black_table,0.89,358.7645688590675,-47.59052848189283,473.9330743251877,359.16374930522977,-46.781673649121224,473.77217911823226,31.373954338850407,46.111765549771455,48.49232059779362
S3,retract_after_placing_blue_block_on_black_table,0.9,357.834793285003,-46.63420453670887,473.77888023700973,359.1673624076254,-45.54680294424342,473.35903581023587,29.659118897073203,45.13675878456768,48.22830091254513
S3,retract_after_placing_blue_block_on_black_table,0.91,357.33585219815814,-46.40048953969306,472.9624189871364,359.1606967129779,-44.25210354926027,473.0246091047517,28.38009952002021,43.534533953284416,46.64532843943568
S3,retract_after_placing_blue_block_on_black_table,0.92,357.26326567137994,-45.835396438666514,472.08460198199816,359.01824485782316,-42.79666529806993,472.637116717368,28.48200870373467,41.80967250672837,46.41678313966574
S3,retract_after_placing_blue_block_on_black_table,0.93,357.4870272208865,-44.76708248577275,471.82018178976574,358.99389286022057,-41.6690941034282,472.62502891736284,27.934548422051407,41.584741129118484,45.902301085888986
S3,retract_after_placing_blue_block_on_black_table,0.9400000000000001,357.5182135710635,-43.78882642364519,472.63152616087774,358.7563473693937,-40.416709383772975,472.3764625911213,27.556422106074407,42.39016127598143,45.83698490454056
S3,retract_after_placing_blue_block_on_black_table,0.9500000000000001,356.5068973696207,-42.449863371543344,473.2654993356765,358.49653311149785,-38.96229325325136,471.97793213482527,27.330372783781403,43.814485055111234,46.689163528737325
S3,retract_after_placing_blue_block_on_black_table,0.96,357.1817482549075,-41.25460372155021,473.61925475222733,358.4896765890463,-37.91377444577459,471.6733802050156,27.23539832200166,42.94778815168589,47.21626707755862
S3,retract_after_placing_blue_block_on_black_table,0.97,357.5352724650588,-40.64756228342111,473.11985523140805,358.27530135579224,-36.92427749737123,471.44980524324427,27.018266475452457,42.282880856299855,46.63222648460123
S3,retract_after_placing_blue_block_on_black_table,0.98,356.9941071860231,-39.372829767240844,472.1621524031141,358.0371091215237,-36.10362318654115,471.3336992064673,27.43024002114482,42.64478401719309,44.50520526426627
S3,retract_after_placing_blue_block_on_black_table,0.99,355.59287951911864,-38.5552560777906,471.77236674545793,357.6366190794854,-35.4055692411184,471.58345748898995,27.759911522946567,41.595398892843285,42.82361788687045
S3,retract_after_placing_blue_block_on_black_table,1.0,355.7721405029297,-38.03584861755371,470.3487243652344,357.48939005533856,-35.04006997744242,471.2021809895833,28.71131790153486,39.563416661906665,41.125369024939694
